{
    "task_enabled": "1",
    "task_reward": "100",
    "ref_comission": "80",
    "invalid_limit": "10",
    "view_target": "8",
    "task_limit": "1000",
    "task_timer": "0",
    "impression_time": "1",
    "click_time": "10",
    "button_timer": "0",
    "submit": "",
    "req_vpn": "1",
    "vpn_task_only": "1",
    "cn_list": "US,Uk,UK,us,uk,Canada,",
    "i_key": "abcd1234",
    "m_mode": "0",
    "payment_nav": "1",
    "task_did": "5",
    "min_recharge": "2000",
    "min_bkash": "6000",
    "withdraw_status": "1",
    "default_ref": "1234",
    "reg_status": "1",
    "tg_channel": "https:\/\/t.me\/s_cash_support_group",
    "support_group": "https:\/\/t.me\/s_cash_support_group",
    "startapp": "211967824",
    "app_version": "1",
    "app_url": "0",
    "ban_ad": "ca-app-pub-6549432528424982\/8955773593",
    "task_ban1": "ca-app-pub-6549432528424982\/8955773593",
    "task_ban2": "ca-app-pub-6549432528424982\/8955773593",
    "int_ad": "ca-app-pub-6549432528424982\/2007221865",
    "wallet_notice": "\ud83d\udca5 Recharge 1500 = 10 Taka\r\n\ud83d\udca5 Bkash 1650\/3250 =10\/ 20 Taka\r\n\ud83d\udca5 Nagad 1650\/3250 = 10\/20 Taka\r\n\ud83d\udde3 \u09aa\u09c7\u09ae\u09c7\u09a8\u09cd\u099f \u09b0\u09bf\u0995\u09c1\u09af\u09bc\u09c7\u09b8\u09cd\u099f \u09a6\u09c7\u0993\u09af\u09bc\u09be\u09b0 1-3  hour \u09aa\u09c7\u09ae\u09c7\u09a8\u09cd\u099f \u0995\u09ae\u09aa\u09cd\u09b2\u09bf\u099f \u0995\u09b0\u09c7 \u09a6\u09c7\u0993\u09af\u09bc\u09be \u09b9\u09ac\u09c7\u0964\r\n\r\n",
    "home_notice": "App ajke off hoye jabe sobai kaj sesh kore withdraw den \r\n\ud83d\udca5 \u09aa\u09cd\u09b0\u09a4\u09bf\u09a6\u09bf\u09a8 \u09b8\u0995\u09be\u09b2 \u09ec \u099f\u09be\u0987 \u09a8\u09a4\u09c1\u09a8 \u0995\u09be\u099c \u09a6\u09c7\u09df\u09be \u09b9\u09ac\u09c7\u0964\u0964\r\n\ud83d\udca5 \u09af\u09c7\u0995\u09cb\u09a8\u09cb \u09ad\u09bf\u09aa\u09bf\u098f\u09a8 \u09a5\u09c7\u0995\u09c7 UK,US \u0995\u09be\u09a8\u09c7\u0995\u09cd\u099f \u0995\u09b0\u09c7 \u0995\u09be\u099c \u0995\u09b0\u09a4\u09c7 \u09b9\u09ac\u09c7\u0964 \r\n\u2b5012-18 \u099f\u09bf \u098f\u09a1 \u09ad\u09bf\u0989\u09b0 \u09aa\u09b0 \u098f\u0995\u099f\u09bf \u098f\u09a1\u09c7 \u0995\u09cd\u09b2\u09bf\u0995 \u0995\u09b0\u09a4\u09c7 \u09b9\u09ac\u09c7\u0964 \u09aa\u09cd\u09b0\u09a4\u09bf  \u0995\u09cd\u09b2\u09bf\u0995\u09c7 60-70 \u09aa\u09df\u09c7\u09a8\u09cd\u099f\r\n\r\n\u2b50 \u09aa\u09cd\u09b0\u09a4\u09bf\u09a6\u09bf\u09a8 30+ \u099f\u09be\u0995\u09be\u09b0 \u0995\u09be\u099c \u0995\u09b0\u09a4\u09c7 \u09aa\u09be\u09b0\u09ac\u09c7\u09a8\u0964\r\n\r\n\ud83d\udc49 \u09b0\u09c7\u09ab\u09be\u09b0 \u0995\u09ae\u09bf\u09b6\u09a8 10%\r\n\r\n\ud83d\udc9a\u09a8\u09bf\u09af\u09bc\u09ae \u09ae\u09c7\u09a8\u09c7 \u0995\u09be\u099c \u0995\u09b0\u09c1\u09a8 100% \u09aa\u09c7\u09ae\u09c7\u09a8\u09cd\u099f \u09aa\u09be\u09ac\u09c7\u09a8\u0964 \u09a8\u09bf\u09af\u09bc\u09ae \u09ac\u09bf\u09b0\u09cb\u09a7\u09c0 \u0995\u09be\u099c \u0995\u09b0\u09b2\u09c7 \u09aa\u09c7\u09ae\u09c7\u09a8\u09cd\u099f \u09a6\u09c7\u0993\u09df\u09be \u09b9\u09ac\u09c7 \u09a8\u09be\u0964",
    "int1": "ca-app-pub-6549432528424982\/2007221865",
    "ban1": "ca-app-pub-6549432528424982\/8955773593",
    "int2": "ca-app-pub-6549432528424982\/2007221865",
    "ban2": "ca-app-pub-6549432528424982\/8955773593",
    "int3": "ca-app-pub-6549432528424982\/2007221865",
    "ban3": "ca-app-pub-6549432528424982\/8955773593",
    "int4": "ca-app-pub-6549432528424982\/2007221865",
    "ban4": "ca-app-pub-6549432528424982\/8955773593",
    "htw_link": "https:\/\/t.me\/s_cash_support_group",
    "task1_url": "",
    "task2_url": "",
    "task3_url": "",
    "task4_url": "",
    "multi_task": "0",
    "admob": "0",
    "auto_back": "1",
    "im_ttimer": "1",
    "click_ttimer": "1",
    "refer_points": "50",
    "daily_rewards": "20",
    "important_notice": "Hacked by @Vai_Ami_Hacker\nhttps:\/\/t.me\/Vai_Ami_Hacker_Hacker"
}