{
  "1234" : {
    "BALANCE" : "300",
    "NUMBER" : 1234,
    "TOTAL REFER" : "6"
  },
  "01111111111" : {
    "BALANCE" : "245",
    "BONUS" : "\"Complete\"",
    "Balance" : "235",
    "Date" : "\"Sep 24, 2021\"",
    "Import6D77HD" : {
      "Payment Amount" : "\"10\"",
      "Payment Method" : "\"\"",
      "Payment Number" : "\"01310462206\"",
      "Status" : "\"paid\""
    },
    "ImportHG557G" : {
      "AMOUNT" : "\"10\"",
      "METHOD" : "\"\"",
      "NUMBER" : "\"01111111111\"",
      "STATUS" : "\"PENDING\""
    },
    "NAME" : "\"Admin\"",
    "NUMBER" : "\"01111111111\"",
    "PASSWORD" : "\"123456\"",
    "REFERER" : "\"1234\"",
    "TOTAL REFAR" : 4,
    "USER ID" : "3"
  },
  "SETTINGS" : {
    "BONUS POINT" : 100,
    "Bkash" : 10,
    "CLICK TIME" : 25,
    "NOTICE" : "\"💝✅ রিকুয়েষ্ট পেমেন্ট \"",
    "Recharge" : 1000,
    "SPIN" : 5,
    "TASK" : 1,
    "TASK POINT" : 50,
    "TELEGRAM" : "\"https:\\/\\/t.me\\/siampk148\"",
    "TOTAL USER" : "4",
    "VIEW" : 5,
    "VIEW TIME" : 4
  },
  "USER DEVICE" : {
    "3a705031040fe999" : {
      "3a705031040fe999" : "\"3a705031040fe999\""
    }
  },
  "neworg" : {
    "tagn" : "\"💝✅ রিকুয়েষ্ট দেয়ার এক ঘন্টার মধ্যে পেমেন্ট কমপ্লিট করে দাওয়া হবে ইনশাআল্লাহ 100% TRUSTED PAYING APP YOU CAN TRY IT BY WORKING AND GET PAID BY ADMIN 💝\""
  }
}
